{"cameraMode":{"drawMode":0,"name":"Shaded","section":"Shading Mode"},"sceneLighting":true,"audioPlay":false,"sceneViewState":{"showFog":true,"showMaterialUpdate":false,"showSkybox":true,"showFlares":true,"showImageEffects":true,"showParticleSystems":true},"in2DMode":false,"pivot":{"x":0.36669921875,"y":1.760498046875,"z":4.4384765625},"rotation":{"x":0.01216152310371399,"y":-0.9869560599327087,"z":0.09055954217910767,"w":0.13254773616790772},"size":5.288215637207031,"orthographic":true}