{"cameraMode":{"drawMode":0,"name":"Shaded","section":"Shading Mode"},"sceneLighting":false,"audioPlay":false,"sceneViewState":{"showFog":true,"showMaterialUpdate":false,"showSkybox":false,"showFlares":true,"showImageEffects":true,"showParticleSystems":true},"in2DMode":false,"pivot":{"x":-0.17580339312553407,"y":-0.2135263979434967,"z":-0.5079889893531799},"rotation":{"x":0.07026755064725876,"y":0.921424925327301,"z":-0.19813862442970277,"w":0.3267725706100464},"size":1.999192476272583,"orthographic":false}