{"cameraMode":{"drawMode":0,"name":"Shaded","section":"Shading Mode"},"sceneLighting":true,"audioPlay":false,"sceneViewState":{"showFog":true,"showMaterialUpdate":false,"showSkybox":false,"showFlares":true,"showImageEffects":true,"showParticleSystems":true},"in2DMode":false,"pivot":{"x":-20.033205032348634,"y":1.4704111814498902,"z":15.121477127075196},"rotation":{"x":0.2515625059604645,"y":0.3814517855644226,"z":-0.10854276269674301,"w":0.8829864859580994},"size":33.19427490234375,"orthographic":false}