{"cameraMode":{"drawMode":0,"name":"Shaded","section":"Shading Mode"},"sceneLighting":false,"audioPlay":false,"sceneViewState":{"showFog":true,"showMaterialUpdate":false,"showSkybox":false,"showFlares":true,"showImageEffects":true,"showParticleSystems":true},"in2DMode":false,"pivot":{"x":1.850000262260437,"y":0.8602890968322754,"z":-0.1626046597957611},"rotation":{"x":0.4071568250656128,"y":0.342449814081192,"z":-0.16787189245224,"w":0.8300592303276062},"size":4.184893608093262,"orthographic":false}