{"cameraMode":{"drawMode":0,"name":"Shaded","section":"Shading Mode"},"sceneLighting":true,"audioPlay":false,"sceneViewState":{"showFog":true,"showMaterialUpdate":false,"showSkybox":false,"showFlares":true,"showImageEffects":true,"showParticleSystems":true},"in2DMode":false,"pivot":{"x":-0.8123211860656738,"y":0.38389158248901369,"z":0.05837440490722656},"rotation":{"x":0.40276139974594118,"y":-0.06963042169809342,"z":0.030745625495910646,"w":0.9121409058570862},"size":22.88593292236328,"orthographic":false}