{"cameraMode":{"drawMode":0,"name":"Shaded","section":"Shading Mode"},"sceneLighting":true,"audioPlay":false,"sceneViewState":{"showFog":true,"showMaterialUpdate":false,"showSkybox":false,"showFlares":true,"showImageEffects":true,"showParticleSystems":true},"in2DMode":false,"pivot":{"x":109.71125030517578,"y":-7.948122024536133,"z":13.913017272949219},"rotation":{"x":-0.6302565932273865,"y":-0.08738112449645996,"z":0.07155802100896836,"w":-0.7683094143867493},"size":56.59714889526367,"orthographic":false}